{"cameraMode":{"drawMode":0,"name":"Shaded","section":"Shading Mode"},"sceneLighting":true,"audioPlay":false,"sceneViewState":{"m_AlwaysRefresh":false,"showFog":true,"showSkybox":true,"showFlares":true,"showImageEffects":true,"showParticleSystems":true,"showVisualEffectGraphs":true,"m_FxEnabled":true},"in2DMode":false,"pivot":{"x":2.0592803955078127,"y":1.3516249656677247,"z":1.2657513618469239},"rotation":{"x":0.028788086026906968,"y":-0.035668496042490008,"z":0.0010136697674170137,"w":0.9989632964134216},"size":1.0057964324951172,"orthographic":false}