{"cameraMode":{"drawMode":0,"name":"Shaded","section":"Shading Mode"},"sceneLighting":false,"audioPlay":false,"sceneViewState":{"m_AlwaysRefresh":false,"showFog":true,"showSkybox":false,"showFlares":true,"showImageEffects":true,"showParticleSystems":true,"showVisualEffectGraphs":true,"m_FxEnabled":true},"in2DMode":false,"pivot":{"x":-2.6970715522766115,"y":12.212482452392579,"z":-18.3700008392334},"rotation":{"x":0.045576807111501697,"y":-0.011668980121612549,"z":-0.0005287028616294265,"w":-0.9988608956336975},"size":3.0362133979797365,"orthographic":false}